<?xml version="1.0" encoding="UTF-8"?>

<form>
    
                <field name="buf_bs_left_pos" 
                        type="text"
                        multiple="true" 
                        default="buf_left" 
                        label="TPL_BUF_BS_LEFT_POS" 
                        description="TPL_BUF_BS_LEFT_POS_DESC">
                </field>

                <field name="buf_bs_left_sm" 
                    type="list" 
                    default="3" 
                    class="btn-group" 
                    label="TPL_BUF_BS_LEFT_SM" 
                    description="TPL_BUF_BS_LEFT_SM_DESC">
                    <option value="0">0</option>
                    <option value="1">1</option>
                    <option value="2">2</option>
                    <option value="3">3</option>
                    <option value="4">4</option>
                    <option value="5">5</option>
                    <option value="6">6</option>
                    <option value="7">7</option>
                    <option value="8">8</option>
                    <option value="9">9</option>
                    <option value="10">10</option>
                    <option value="11">11</option>
                    <option value="12">12</option>
                </field>

                <field name="buf_bs_left_md" 
                    type="list" 
                    default="3" 
                    class="btn-group" 
                    label="TPL_BUF_BS_LEFT_MD" 
                    description="TPL_BUF_BS_LEFT_MD_DESC">
                    <option value="0">0</option>
                    <option value="1">1</option>
                    <option value="2">2</option>
                    <option value="3">3</option>
                    <option value="4">4</option>
                    <option value="5">5</option>
                    <option value="6">6</option>
                    <option value="7">7</option>
                    <option value="8">8</option>
                    <option value="9">9</option>
                    <option value="10">10</option>
                    <option value="11">11</option>
                    <option value="12">12</option>
                </field>

                <field name="buf_bs_left_lg" 
                    type="list" 
                    default="3" 
                    class="btn-group" 
                    label="TPL_BUF_BS_LEFT_LG" 
                    description="TPL_BUF_BS_LEFT_LG_DESC">
                    <option value="0">0</option>
                    <option value="1">1</option>
                    <option value="2">2</option>
                    <option value="3">3</option>
                    <option value="4">4</option>
                    <option value="5">5</option>
                    <option value="6">6</option>
                    <option value="7">7</option>
                    <option value="8">8</option>
                    <option value="9">9</option>
                    <option value="10">10</option>
                    <option value="11">11</option>
                    <option value="12">12</option>
                </field>


                <field name="buf_bs_right_pos" 
                        type="text" 
                        default="buf_right" 
                        label="TPL_BUF_BS_RIGHT_POS" 
                        description="TPL_BUF_BS_RIGHT_POS_DESC">
                </field>

                <field name="buf_bs_right_sm" 
                    type="list" 
                    default="3" 
                    class="btn-group" 
                    label="TPL_BUF_BS_RIGHT_SM" 
                    description="TPL_BUF_BS_RIGHT_SM_DESC">
                    <option value="0">0</option>
                    <option value="1">1</option>
                    <option value="2">2</option>
                    <option value="3">3</option>
                    <option value="4">4</option>
                    <option value="5">5</option>
                    <option value="6">6</option>
                    <option value="7">7</option>
                    <option value="8">8</option>
                    <option value="9">9</option>
                    <option value="10">10</option>
                    <option value="11">11</option>
                    <option value="12">12</option>
                </field>

                <field name="buf_bs_right_md" 
                    type="list" 
                    default="3" 
                    class="btn-group" 
                    label="TPL_BUF_BS_RIGHT_MD" 
                    description="TPL_BUF_BS_RIGHT_MD_DESC">
                    <option value="0">0</option>
                    <option value="1">1</option>
                    <option value="2">2</option>
                    <option value="3">3</option>
                    <option value="4">4</option>
                    <option value="5">5</option>
                    <option value="6">6</option>
                    <option value="7">7</option>
                    <option value="8">8</option>
                    <option value="9">9</option>
                    <option value="10">10</option>
                    <option value="11">11</option>
                    <option value="12">12</option>
                </field>

                <field name="buf_bs_right_lg" 
                    type="list" 
                    default="3" 
                    class="btn-group" 
                    label="TPL_BUF_BS_RIGHT_LG" 
                    description="TPL_BUF_BS_RIGHT_LG_DESC">
                    <option value="0">0</option>
                    <option value="1">1</option>
                    <option value="2">2</option>
                    <option value="3">3</option>
                    <option value="4">4</option>
                    <option value="5">5</option>
                    <option value="6">6</option>
                    <option value="7">7</option>
                    <option value="8">8</option>
                    <option value="9">9</option>
                    <option value="10">10</option>
                    <option value="11">11</option>
                    <option value="12">12</option>
                </field>
</form>
