<?xml version="1.0" encoding="UTF-8"?>

<form>
<field name="bs4_custom_body_bg" 
    type="color" default=""
    label="TPL_BUF_BS4_CUSTOM_BODY_BG"
    format="rgba"
    description="TPL_BUF_BS4_CUSTOM_BODY_BG_DESC" 
/>

<field name="bs4_custom_body_color" 
    type="color" default=""
    label="TPL_BUF_BS4_CUSTOM_BODY_COLOR"
    format="rgba"
    description="TPL_BUF_BS4_CUSTOM_BODY_COLOR_DESC" 
/>

<field name="bs4_custom_primary" 
    type="color" default=""
    label="TPL_BUF_BS4_CUSTOM_PRIMARY"
    format="rgba"
    description="TPL_BUF_BS4_CUSTOM_PRIMARY_DESC" 
/>

<field name="bs4_custom_secondary" 
    type="color" default=""
    label="TPL_BUF_BS4_CUSTOM_SE"
    format="rgba"
    description="TPL_BUF_BS4_CUSTOM_SE_DESC" 
/>

<field name="bs4_custom_success" 
    type="color" default=""
    label="TPL_BUF_BS4_CUSTOM_SUCCESS"
    format="rgba"
    description="TPL_BUF_BS4_CUSTOM_SUCCESS_DESC" 
/>

<field name="bs4_custom_info" 
    type="color" default=""
    label="TPL_BUF_BS4_CUSTOM_INFO"
    format="rgba"
    description="TPL_BUF_BS4_CUSTOM_INFO_DESC" 
/>

<field name="bs4_custom_warning" 
    type="color" default=""
    label="TPL_BUF_BS4_CUSTOM_WARNING"
    format="rgba"
    description="TPL_BUF_BS4_CUSTOM_WARNING_DESC" 
/>

<field name="bs4_custom_danger" 
    type="color" default=""
    label="TPL_BUF_BS4_CUSTOM_DANGER"
    format="rgba"
    description="TPL_BUF_BS4_CUSTOM_DANGER_DESC" 
/>

<field name="bs4_custom_light" 
    type="color" default=""
    label="TPL_BUF_BS4_CUSTOM_LIGHT"
    format="rgba"
    description="TPL_BUF_BS4_CUSTOM_LIGHT_DESC" 
/>

<field name="bs4_custom_dark" 
    type="color" default=""
    label="TPL_BUF_BS4_CUSTOM_DARK"
    format="rgba"
    description="TPL_BUF_BS4_CUSTOM_DARK_DESC" 
/>

<field name="bs4_bufbs4custom" 
    type="bufbs4custom" default=""
    description="TPL_BUF_BS4_CUSTOM_PRIMARY_DESC" 
/>

</form>
