<?xml version="1.0" encoding="utf-8"?>
          <browserconfig>
            <msapplication>
              <tile>
                <square70x70logo src="templates/buf/images/icons/ms-icon-70x70.png"/>
                <square150x150logo src="templates/buf/images/icons/ms-icon-150x150.png"/>
                <square310x310logo src="templates/buf/images/icons/ms-icon-310x310.png"/>
                <TileColor>#57616d</TileColor>
              </tile>
            </msapplication>
          </browserconfig>