<?xml version="1.0" encoding="utf-8"?>
<extension version="3.9" type="template" client="site" method="upgrade">
	
	<name>BUF</name>
	<creationDate>11-may-2020</creationDate>
	<author>jtotal</author>
	<copyright>Copyright © jtotal.org</copyright>
	<authorEmail>support@jtotal.org</authorEmail>
	<authorUrl>https://jtotal.org</authorUrl>
	<version>2.2.22</version>
	<description><![CDATA[ 
		<div class="buf_template_data">
		<h1><img class="img-fluid img-responsive" src="../templates/buf/images/buf_logos/logo_buf_text_400.png"/></h1>
		<small class="buf_version badge badge-success">2.2.22</small>
		<small>Bootstrap 4.4.1</small> | 
		<small>FA5 5.13.0</small> | 
		<small>Created by <a href="https://jtotal.org" target="_blank"> jtotal.org </a></small>
		</div>
	]]></description>
	<files>
		<folder>classes</folder>
		<folder>css</folder>
		<folder>html</folder>
		<folder>images</folder>
		<folder>js</folder>
		<folder>logics</folder>
		<folder>layouts</folder>
		<folder>language</folder>
		<folder>backend</folder>
		<folder>fields</folder>
		<folder>libs</folder>
		<folder>subforms</folder>
		<filename>changelog.txt</filename>
		<filename>component.php</filename>
		<filename>error.php</filename>
		<filename>favicon.ico</filename>
		<filename>index.php</filename>
		<filename>offline.php</filename>
		<filename>template_preview.png</filename>
		<filename>template_thumbnail.png</filename>
		<filename>templateDetails.xml</filename>
		<filename>README.md</filename>
	</files>

	<languages folder="language">
		<language tag="en-GB">en-GB.tpl_buf.ini</language>
	</languages>

	<positions>
		<position>navbar</position>
		<position>menu_header</position>
		<position>menu_top</position>
		<position>menu_principal</position>
		<position>breadcrumbs</position>
		<position>largebar</position>
		<position>sidebar</position>
		<position>debug</position>
		<position>footer</position>
		<position>subfooter</position>
		<position>banner_front</position>
		<position>banner_page</position>
		<position>buf_left</position>
		<position>buf_right</position>
		<position>offcanvas</position>
	</positions>
	
	<config>
		<fields name="params">
			<fieldset name="basic" addfieldpath="/templates/buf/fields">

					<field name="bufreloadsass" type="bufreloadsass" />
					<field name="clearcache" type="bufclearcache" />

					<field name="runless" 
						type="radio" 
						default="1" 
						class="btn-group" 
						label="TPL_BUF_DEV_LESS" 
						description="TPL_BUF_DEV_LESS_DESC">
						<!--<option value="0">TPL_BUF_ALL</option>-->
						<option value="1">TPL_BUF_CUSTOM</option>
						<option value="2">BUF_NO_PROD_RECOM</option>
						
					</field>

					<field name="buf_edit_base" 
						type="radio" 
						default="0" 
						class="switcher switcher-success btn-group" 
						label="TPL_BUF_DEV_BASE" 
						description="TPL_BUF_DEV_BASE_DESC"
						>
						<option value="0">JNO</option>
						<option value="1">JYES</option>
					</field>

					<field name="buf_debug" 
						type="radio" 
						default="1" 
						class="switcher switcher-primary btn-group " 
						label="TPL_BUF_DEBUG" 
						>
						<option value="0">JNO</option>
						<option value="1">JYES</option>
					</field>

	  				<field name="force_recache" 
						type="radio" 
						default="0" 
						class="switcher switcher-primary btn-group " 
						label="TPL_BUF_DEV_FORCE_RECACHE" 
						description="TPL_BUF_DEV_FORCE_RECACHE_DESC">
						<option value="0">JNO</option>
						<option value="1">JYES</option>
					</field>

					<field name="force_recache_js" 
						type="radio" 
						default="0" 
						class="switcher switcher-primary btn-group " 
						label="TPL_BUF_DEV_FORCE_RECACHE_JS" 
						description="TPL_BUF_DEV_FORCE_RECACHE_JS_DESC">
						<option value="0">JNO</option>
						<option value="1">JYES</option>
					</field>

					<field name="create_editor" 
						type="radio" 
						default="0" 
						class="switcher switcher-primary btn-group " 
						label="TPL_BUF_CREATE_EDITOR" 
						description="TPL_BUF_CREATE_EDITOR_DESC">
						<option value="0">JNO</option>
						<option value="1">JYES</option>
					</field>

					<field type="spacer" name="buf_bufinit_version" hr="true"  class="text" label=""/>

					<field name="buf_show_credit" 
						type="radio" 
						default="1" 
						class="switcher switcher-primary btn-group " 
						label="TPL_BUF_SHOW_CREDITS" 
						description="TPL_BUF_SHOW_CREDITS_DESC">
						<option value="0">BUF_NO_PRO</option>
						<option value="1">JYES</option>
					</field>

					<field type="bufinit" />

					<field name="note11" type="note" label="BUF_CREDITS" />

			</fieldset>

			<fieldset name="layout">

				<field
					name="buf_layout_duplicate"
					type="bufduplicatelayout"
					class="inputbox"
					default=""
				/>

				<field
					name="buf_layout"
					type="folderlist"
					class="inputbox"
					default="default"
					stripext="1" exclude="default"
					hide_none="1"
					directory="/templates/buf/layouts"
					label="TPL_BUF_LAYOUT"
				/>

				<field
					name="buf_layout_files"
					type="radio"
					class="btn-group"
					default="base"
					label="TPL_BUF_LAYOUT_FILES"
					>
					<option value="base">TPL_BUF_LAYOUT_BASE</option>
					<option value="template">TPL_BUF_LAYOUT_MAIN</option>
					<option value="mobile">TPL_BUF_LAYOUT_MOBILE</option>
					<option value="tablet">TPL_BUF_LAYOUT_TABLET</option>
					<option value="laptop">TPL_BUF_LAYOUT_LAPTOP</option>
					<option value="desktop">TPL_BUF_LAYOUT_DESKTOP</option>
					<option value="tv">TPL_BUF_LAYOUT_TV</option>
					<option value="print">TPL_BUF_LAYOUT_PRINT</option>
					<option value="layout.php">TPL_BUF_LAYOUT_PHP</option>
					<option value="buf_layout.js">TPL_BUF_LAYOUT_EDITOR_JS</option>
				</field>

				<field name="buf_load_layout_js" 
					type="radio" 
					default="1" 	
					class="switcher switcher-primary btn-group" 
					label="TPL_BUF_LAYOUT_JS" 
					description="TPL_BUF_LAYOUT_JS_DESC" showon="buf_layout_files:buf_layout.js">
					<option value="0">JNO</option>
					<option value="1">JYES</option>
				</field>


				<field type="bufeditorbuttons" />


				<field name="scss_editor"
		            type="editor"
		            label="TPL_BUF_LAYOUT_EDITOR"
		            description="TPL_BUF_LAYOUT_EDITOR_DESC"
		            default=""
		            editor="codemirror|none"
		            filter="raw"
		            mode="scss"
		        />  


			</fieldset>





<!--
	***********************************
	***********************************
	**********   OFFCANVAS   **************
	***********************************
	***********************************
-->
			<fieldset name="offcanvas">


				<field type="spacer" 
					name="buf_style_offcanvas_general_hr" 
					hr="false" 
					class="text"
					label="TPL_BUF_STYLE_OFFCANVAS_GENERAL_HR"
				/>

				<field name="buf_offcanvas" 
					type="radio" 
					default="0" 
					class="btn-group" 
					label="TPL_BUF_OFFCANVAS" 
					description="TPL_BUF_OFFCANVAS_DESC">
					<option value="0">JNO</option>
					<option value="1">JYES</option>
					<option value="2">TPL_BUF_OFFCANVAS_MOBILE</option>
				</field>

				<field name="buf_offcanvas_detection" 
					type="radio" 
					default="device" 
					class="switcher switcher-primary btn-group " 
					label="TPL_BUF_OFFCANVAS_DETECTION"
					description="TPL_BUF_OFFCANVAS_DETECTION_DESC"
					showon="buf_offcanvas:2"
					
					>
					<option value="device">TPL_BUF_DEVICE</option>
					<option value="media">TPL_BUF_SIZE</option>
					<option value="mix">TPL_BUF_MIX</option>
				</field>

				<field name="buf_offcanvas_max_w" 
					type="text" 
					default="900" 
					class="input" 
					label="TPL_BUF_OFFCANVAS_MAX_W"
					description="TPL_BUF_OFFCANVAS_MAX_W_DESC"
					showon="buf_offcanvas:2"
					/>


				<field name="buf_tablet_as_mobile" 
					type="radio" 
					default="1" 
					class="switcher switcher-primary btn-group " 
					label="TPL_BUF_TABLET_AS_MOBILE"
					showon="buf_offcanvas:2"
					>
					<option value="0">JNO</option>
					<option value="1">JYES</option>
				</field>

				<field name="buf_offcanvas_speed" 
					type="number" 
					default="300"
					min="0" max="5000" step="1"
					label="TPL_BUF_OFFCANVAS_SPEED" 
					description="TPL_BUF_OFFCANVAS_SPEED_DESC"
				/>

			<field type="spacer" name="buf_top_bar_hr" hr="true"  class="text"
					label="TPL_BUF_TOP_BAR_HR"/>

				<field name="buf_topbar" type="subform"
				    formsource="templates/buf/subforms/oc_topbar.xml"
				    label="TPL_BUF_TOP_BAR"
				/>




			<field type="spacer" name="buf_style_offcanvas_hr" hr="false"  class="text"
					label="TPL_BUF_STYLE_BAR_HR"/>
				

				<field name="buf_offcanvas_position" 
					type="radio" 
					default="buf_off_pos_left" 
					class="btn-group" 
					label="TPL_BUF_OFFCANVAS_POSITION" 
					description="TPL_BUF_OFFCANVAS_POSITION_DESC"
					
					>
					<option value="buf_off_pos_left">BUF_LEFT</option>
					<option value="buf_off_pos_right">BUF_RIGHT</option>
				</field>
				
				<field name="buf_offcanvas_style" 
					type="list" 
					default="buf_off_cover" 
					class="btn-group" 
					label="TPL_BUF_OFFCANVAS_STYLE" 
					description="TPL_BUF_OFFCANVAS_STYLE_DESC"
					
					>
					<option value="buf_off_move">BUF_OFFCANVAS_STYLE_MOVE</option>
					<option value="buf_off_cover">BUF_OFFCANVAS_STYLE_COVER</option>
				</field>

				<field name="buf_offcanvas_width" 
					type="number" 
					default="90"
					min="0" max="99" step="1"
					label="TPL_BUF_OFFCANVAS_WIDTH" 
					description="TPL_BUF_OFFCANVAS_WIDTH_DESC"
				/>

				<field name="buf_offcanvas_width_desktop" 
					type="number" 
					default="90"
					min="0" max="99" step="1"
					label="TPL_BUF_OFFCANVAS_WIDTH_DESKTOP" 
					description="TPL_BUF_OFFCANVAS_WIDTH_DESKTOP_DESC"
					
				/>

				<field name="buf_offcanvas_bg_color" 
					type="color" 
					default="#ffffff" 
					format="rgba"
					label="TPL_BUF_OFFCANVAS_BG_COLOR" 
					description="TPL_BUF_OFFCANVAS_BG_COLOR_DESC"
				/>

				<field name="buf_offcanvas_positions" type="text"	
					label="TPL_BUF_OFFCANVAS_MODULES"
					description="TPL_BUF_OFFCANVAS_MODULES_DESC"
					default=""
					maxlength="100" 
				/>


				<field name="buf_topbar_oc" type="subform"
				    formsource="templates/buf/subforms/oc_topbar.xml"
				    label="TPL_BUF_TOP_BAR_OC"
				/>


				<!--BS STYLES-->
				<field type="spacer" name="buf_oc_button_spacer" hr="true"  class="text"
					label="TPL_BUF_OC_BUTTON"/>


				<field name="buf_oc_button" type="subform"
				    formsource="templates/buf/subforms/oc_button.xml"
				    label="TPL_BUF_OC_BUTTON"
				/>


			</fieldset>



<!--
	***********************************
	***********************************
	**********   STYLE   **************
	***********************************
	***********************************
-->
			<fieldset name="style">



				<field type="spacer" name="buf_style_bg_hr" hr="false"  class="text"
					label="TPL_BUF_STYLE_BG_HR"/>

				<field name="buf_bg" 
					type="radio" 
					default="0" 
					class="switcher switcher-primary btn-group" 
					label="TPL_BUF_BG" 
					description="TPL_BUF_BG_DESC">
					<option value="0">JNO</option>
					<option value="1">JYES</option>
				</field>


				<field name="buf_bg_img" 
					type="media" 
					label="TPL_BUF_BG_IMG" 
					description="TPL_BUF_BG_IMG_DESC" 
					directory="images" 
				/>

				<field name="buf_mscolor" 
					type="color" 
					default="#57616d"
					label="TPL_BUF_MSCOLOR"
					description="TPL_BUF_MSCOLOR_DESC" 
				/>

				<field type="spacer" name="buf_favicon_bg_hr" hr="false"  class="text"
					label="TPL_BUF_STYLE_FAVICON_HR"/>
				/>

				<field name="buf_favicon" 
					type="media"
					class="buf_favicon"
					label="TPL_BUF_FAVICON" 
					description="TPL_BUF_FAVICON_DESC" 
					directory="images" 
				/>

				<field type="buffavicons" />


			</fieldset>





			<fieldset name="bs4custom">

				<field name="buf_bs_exists" type="bufbsexists" file="bs"/>

				<field name="buf_bs_on" 
					type="radio" 
					default="1" 
					class="switcher switcher-success btn-group" 
					label="TPL_BUF_BS_ON">
					<option value="0">JNO</option>
					<option value="1">JYES</option>
				</field>

				<field name="buf_bootstrap" 
					type="radio" 
					default="1" 
					class="btn-group" 
					label="TPL_BUF_LOAD_BOOSTRAP" 
					description="TPL_BUF_LOAD_BOOSTRAP_DESC">
					<option value="0">None</option>
					<option value="1">Custom</option>
					<option value="2">Joomla</option>
				</field>

				<field name="buf_bs4_selector"
					type="list" 
					default="2" 
					class="btn-group" 
					label="TPL_BUF_BS_SELECTOR" 
					description="TPL_BUF_BS_SELECTOR_DESC">
					<option value="0">None</option>
					<option value="1">TPL_BUF_BS_MINIMUM</option>
					<option value="2">TPL_BUF_BS_RECOMMENDED</option>
					<option value="3">TPL_BUF_BS_ALL</option>
					<option value="4">TPL_BUF_BS_CUSTOM</option>
				</field>

				<field name="buf_bs4files" 
					type="groupedlist" 
					default='["functions","variables","mixins","grid","media","utilities","reboot","images","tables","buttons","button-group","card","dropdown","forms","input-group","list-group","nav","navbar","pagination","transitions","close","breadcrumb"]'
					multiple="true" 
					label="TPL_BUF_BOOTSTRAP4_FILES" 
					description="TPL_BUF_BOOTSTRAP4_FILES_DESC">
				  
				  	<!--<option value="minimum">Minimum</option>
				  	<option value="recommended">Recomended</option>-->

					<group label="Core variables and mixins">
						<option value="functions">functions</option>
						<option value="variables">variables</option>
						<option value="mixins">mixins</option>
						<option value="root">root</option>
					</group>

					<group label="Layout">
						<option value="grid">grid</option>
						<option value="media">media</option>
						<option value="utilities">utilities</option>
						<option value="print">print</option>
					</group>

					<group label="Content">
						<option value="reboot">reboot</option>
						<option value="type">type</option>
						<option value="code">code</option>
						<option value="images">images</option>
						<option value="tables">tables</option>
					</group>

					<group label="Components">
						<option value="alert">alert</option>
						<option value="badge">badge</option>
						<option value="breadcrumb">breadcrumb</option>
						<option value="buttons">buttons</option>
						<option value="button-group">button-group</option>
						<option value="card">card</option>
						<option value="carousel">carousel</option>
						<option value="dropdown">dropdown</option>
						<option value="forms">forms</option>
						<option value="input-group">input-group</option>
						<option value="custom-forms">custom-forms</option>
						<option value="jumbotron">jumbotron</option>
						<option value="list-group">list-group</option>
						<option value="modal">modal</option>
						<option value="nav">nav</option>
						<option value="navbar">navbar</option>
						<!--<option value="overflow">overflow</option>-->
						<option value="pagination">pagination</option>
						<option value="popover">popover</option>
						<option value="progress">progress</option>
						<option value="spinners">spinners</option>
						<option value="toasts">toasts</option>
						<option value="tooltip">tooltip</option>
						<option value="transitions">transitions</option>
						<option value="close">close</option>
					</group>

				</field>

				<field name="buf_bs_defer" 
					type="radio" 
					default="1" 
					class="btn-group" 
					label="TPL_BUF_LOAD_BS_DEFER" 
					description="TPL_BUF_LOAD_BS_DEFER_DESC">
					<option value="0">None</option>
					<option value="1">TPL_BUF_DEFER</option>
					<option value="2">TPL_BUF_ASYNC</option>
					<!--<option value="3">TPL_BUF_BOTH</option>-->
				</field>
				
				<field type="spacer" name="buf_style_container_hr" hr="false"  class="text"
					label="TPL_BUF_STYLE_CONTAINER_HR"/>

				<field name="buf_container" 
					type="radio" 
					default="0" 
					class="btn-group" 
					label="TPL_BUF_CONTAINER" 
					description="TPL_BUF_CONTAINER_DESC">
					<option value="0">Static</option>
					<option value="1">Fluid</option>
				</field>

				<field type="text" 
					name="buf_bs_container_fluid_max" 
					default="100%"
					class="input-small input"
					size="10"
					label="TPL_BUF_BS4_CONTAINER_FLUID_MAX" 
					description="TPL_BUF_BS4_CONTAINER_FLUID_MAX_DESC"
				/>

				<field type="text" 
					name="buf_bs_container_max" 
					default="1140"
					class="input-small input"
					size="10"
					label="TPL_BUF_BS4_CONTAINER_MAX" 
					description="TPL_BUF_BS4_CONTAINER_MAX_DESC"
				/>

				<field name="buf_content_container" 
					type="radio" 
					default="0" 
					class="btn-group" 
					label="TPL_BUF_CONTENT_CONTAINER" 
					description="TPL_BUF_CONTENT_CONTAINER_DESC">
					<option value="0">Static</option>
					<option value="1">Fluid</option>
				</field>

				<field type="text" 
					name="buf_bs_container_content_max" 
					class="input-small input"
					default="1140"
					label="TPL_BUF_BS4_CONTAINER_CONTENT_MAX" 
					description="TPL_BUF_BS4_CONTAINER_CONTENT_MAX_DESC"
				/>


				<!--BS GRID-->
				<field type="spacer" name="buf_bs_layout" hr="true"  class="text"
					label="TPL_BUF_BS4_LAYOUT_LEFT_RIGHT"/>


				<field name="buf_bs_grid" type="subform"
				    formsource="templates/buf/subforms/bs_grid.xml"
				    label="TPL_BUF_BS4_LAYOUT_LEFT_RIGHT"
				/>



				<!--BS STYLES-->
				<field type="spacer" name="buf_fa_spacer" hr="true"  class="text"
					label="TPL_BUF_BS4_CUSTOM_HR"/>


				<field name="buf_bs_styles" type="subform"
				    formsource="templates/buf/subforms/bs_styles.xml"
				    label="TPL_BUF_BS4_CUSTOM_HR"
				/>


			</fieldset>



			<fieldset name="Fonts">


				<field type="spacer" name="buf_fa_title" hr="false"  class="text"
					label="TPL_BUF_FONTS_FA_CONTAINER_HR"/>

				<field name="buf_bs_exists" type="bufbsexists" file="fa"/>

				<field name="buf_fa_selector" 
					type="radio" 
					default="5" 
					class="btn-group" 
					label="TPL_BUF_FONTAWESOME_SELECTOR" 
					description="TPL_BUF_FONTAWESOME_SELECTOR_DESC">
					<option value="0">JNO</option>
					<option value="4">Fa 4</option>
					<option value="5">Fa 5</option>
				</field>

				<field name="buf_fa_pro" 
					type="radio" 
					default="0" 
					class="switcher switcher-primary btn-group" 
					label="TPL_BUF_FONTAWESOME_PRO" 
					description="TPL_BUF_FONTAWESOME_PRO_DESC"
					showon="buf_fa_selector:5"
					>
					<option value="0">TPL_BUF_FREE</option>
					<option value="1">TPL_BUF_FA5_PRO</option>
				</field>

				<field name="buf_fa" 
					type="radio" 
					default="1" 
					class="btn-group" 
					label="TPL_BUF_FONTAWESOME_FILES" 
					description="TPL_BUF_FONTAWESOME_FILES_DESC"
					showon="buf_fa_selector:5"

					>
					<option value="0">JNO</option>
					<option value="1">Minimum</option>
					<option value="2">All</option>
				</field>

				<field name="buf_fa5_tech" 
					type="radio" 
					default="1" 
					class="btn-group" 
					label="TPL_BUF_FA5_TECH" 
					description="TPL_BUF_FA5_TECH_DESC"
					showon="buf_fa_selector:5"
					>
					<option value="0">JNO</option>
					<option value="1">svg + js</option>
					<option value="2">fonts + css</option>
				</field>

				<field name="buf_fa5_files" 
					type="groupedlist" 
					default="solid" 
					multiple="true" 
					label="TPL_BUF_FA5_FILES" 
					description="TPL_BUF_FA5_FILES_DESC"
					showon="buf_fa_selector:5"
					>
				  	<option value="solid">Solid</option>
				  	<option value="regular">Regular</option>
				  	<option value="brands">Brands</option>
				  	<option value="light">Light(pro)</option>
				  	<option value="duotone">Duotone(pro)</option>
				  	<!--<option value="v4-shims">Fa4 fallback</option>-->
				</field>

				<field name="buf_fa4fallback" 
					type="radio" 
					default="0" 
					class="btn-group" 
					label="TPL_BUF_FONTAWESOME5_FA4_FALLBACK" 
					description="TPL_BUF_FONTAWESOME5_FA4_FALLBACK_DESC"
					showon="buf_fa_selector:5"

					>
					<option value="0">JNO</option>
					<option value="1">JYES</option>
				</field>

				<field name="buf_fa_defer" 
					type="radio" 
					default="0" 
					class="btn-group" 
					label="TPL_BUF_LOAD_FA_DEFER" 
					description="TPL_BUF_LOAD_FA_DEFER_DESC"
					showon="buf_fa5_tech:1"
					>
					<option value="0">None</option>
					<option value="1">TPL_BUF_DEFER</option>
					<option value="2">TPL_BUF_ASYNC</option>
					<!--<option value="3">TPL_BUF_BOTH</option>-->
				</field>

				<field type="spacer" name="buf_fonts_title" hr="false"  class="text"
					label="TPL_BUF_FONTS_GF_CONTAINER_HR"/>

				<field name="buf_googlefonts" 
					type="radio" 
					default="0" 
					class="btn-group" 
					label="TPL_BUF_LOAD_GOOGLE_FONTS" 
					description="TPL_BUF_LOAD_GOOGLE_FONTS_DESC">
					<option value="0">JNO</option>
					<option value="1">JYES</option>
				</field>

				<field name="buf_googlefonts_name" 
					type="text" 
					multiple="true"
					repeat="true"
					default="" 
					label="TPL_BUF_LOAD_GOOGLE_FONTS_NAMES" 
					description="TPL_BUF_LOAD_GOOGLE_FONTS_NAMES_DESC"/>


			</fieldset>


			<fieldset name="Optimize">


				<field type="spacer" name="buf_bs_jquery" hr="false"  class="text"
					label="TPL_BUF_OPTIMIZE_JQUERY"/>

				<field name="buf_jquery" 
					type="radio" 
					default="2" 
					class="btn-group" 
					label="TPL_BUF_LOAD_JQUERY" 
					description="TPL_BUF_LOAD_JQUERY_DESC">
					<option value="0">None</option>
					<option value="1">Custom</option>
					<option value="2">Joomla</option>
				</field>

				<field name="buf_jquery_defer" 
					type="radio" 
					default="0" 
					class="btn-group" 
					label="TPL_BUF_LOAD_JQUERY_DEFER" 
					description="TPL_BUF_LOAD_JQUERY_DEFER_DESC">
					<option value="0">None</option>
					<option value="1">TPL_BUF_DEFER</option>
					<option value="2">TPL_BUF_ASYNC</option>
					<!--<option value="3">TPL_BUF_BOTH</option>-->
				</field>

				<!--  ****** CSS ***** -->

				<field type="spacer" name="buf_optimize_separator" hr="false"  class="text"
					label="TPL_BUF_OPTIMIZE_CSS"/>

				<field name="buf_sass_compression" 
					type="list" 
					default="Nested" 
					label="TPL_BUF_SASS_COMPRESSION" >
				  
				  	<option value="Expanded">Expaned</option>
				  	<option value="Nested">Nested</option>
				  	<option value="Compressed">Compressed</option>
				  	<option value="Compact">Compact</option>
				  	<option value="Crunched">Crunched</option>

				</field>



				<field name="buf_scss_mix" 
					type="radio" 
					default="0" 
					class="switcher switcher-primary btn-group" 
					label="TPL_BUF_CSS_MIX" 
					description="TPL_BUF_CSS_MIX_DESC">
					<option value="0">JNO</option>
					<option value="1">JYES</option>
				</field>



				<field name="buf_load_media_system_css" 
					type="radio" 
					default="0" 
					class="switcher switcher-primary btn-group" 
					label="TPL_BUF_CSS_SYSTEM_MEDIA" 
					description="TPL_BUF_CSS_SYSTEM_MEDIA_DESC">
					<option value="0">JNO</option>
					<option value="1">JYES</option>
				</field>

				<field name="buf_load_template_system_css" 
					type="radio" 
					default="0" 
					class="switcher switcher-primary btn-group" 
					label="TPL_BUF_CSS_SYSTEM_TEMPLATE" 
					description="TPL_BUF_CSS_SYSTEM_TEMPLATE_DESC">
					<option value="0">JNO</option>
					<option value="1">JYES</option>
				</field>

				<field name="buf_load_css_async" 
					type="radio" 
					default="1" 	
					class="switcher switcher-primary btn-group" 
					label="TPL_BUF_CSS_ASYNC" 
					description="TPL_BUF_CSS_ASYNC_DESC">
					<option value="0">JNO</option>
					<option value="1">JYES</option>
				</field>


				<field type="spacer" name="buf_optimize_js_separator" hr="false"  class="text"
					label="TPL_BUF_OPTIMIZE_JS"/>


				<!--<field name="buf_unset_base" 
					type="radio" 
					default="0" 
					class="btn-group" 
					label="TPL_BUF_KEEP_BASE" 
					description="TPL_BUF_KEEP_BASE_DESC">
					<option value="0">JNO</option>
					<option value="1">JYES</option>
				</field>-->


<!--
	jquery.magnific-popup.min.js
				<field name="buf_load_custom_js" 
					type="textarea"
					default=""
					label="TPL_BUF_CUSTOM_JS" 
					description="TPL_BUF_CUSTOM_JS_DESC"
				/>
-->

				<field name="buf_js_defer" 
					type="radio" 
					default="1" 
					class="btn-group" 
					label="TPL_BUF_LOAD_JS_DEFER" 
					description="TPL_BUF_LOAD_JS_DEFER_DESC">
					<option value="0">None</option>
					<option value="1">TPL_BUF_DEFER</option>
					<option value="2">TPL_BUF_ASYNC</option>
					<!--<option value="3">TPL_BUF_BOTH</option>-->
				</field>




				<field name="buf_unset" 
					type="list" 
					default="" 
					multiple="true"
					class="btn-group" 
					label="TPL_BUF_UNSET" 
					description="TPL_BUF_UNSET_DESC">
					<option value="media/jui/js/jquery.min.js">media/jui/js/jquery.min.js</option>
					<option value="media/jui/js/jquery-noconflict.js">media/jui/js/jquery-noconflict.js</option>
					<option value="media/jui/js/jquery-migrate.min.js">media/jui/js/jquery-migrate.min.js</option>
					<option value="media/jui/js/bootstrap.min.js">media/jui/js/bootstrap.min.js</option>
					<option value="media/system/js/caption.js">media/system/js/caption.js</option>
					<option value="media/system/js/core.js">media/system/js/core.js</option>
					<option value="media/system/js/tabs-state.js">media/system/js/tabs-state.js</option>
					<option value="media/system/js/validate.js">media/system/js/validate.js</option>
					<option value="media/jui/js/chosen.jquery.min.js">media/jui/js/chosen.jquery.min.js</option>
				</field>



				<field name="buf_custom_unset"
					   type="repeatable"
					   icon="list"
					   label="TPL_BUF_CUSTOM_UNSET"
					   default=''
				>

					<fieldset hidden="true" name="buf_custom_unset_modal" repeat="true">


						<field name="buf_custom_unset_script"
							   label="TPL_BUF_CUSTOM_UNSET"
							   class="input-xxlarge input-large-text"
							   size="100"
							   type="text"
						/>


					</fieldset>
					
				</field>




				<!--  -->




				<field name="buf_load_custom_js"
					   type="repeatable"
					   icon="list"
					   label="TPL_BUF_LOAD_CUSTOM_JS"
					   default=''
					>

					<fieldset hidden="true" name="buf_load_custom_js_modal" repeat="true">
						<field name="buf_load_custom_js_script"
							   label="TPL_BUF_LOAD_CUSTOM_JS_SCRIPT"
							   description="TPL_BUF_LOAD_CUSTOM_JS_SCRIPT_DESC"
							   size="30"
							   class="input-xxlarge input-large-text"
							   type="text" 
						/>

						<field name="buf_js_defer" 
							type="list" 
							default="1" 
							label="TPL_BUF_LOAD_JS_DEFER" 
							description="TPL_BUF_LOAD_JS_DEFER_DESC">
							<option value="0">None</option>
							<option value="1">TPL_BUF_DEFER</option>
							<option value="2">TPL_BUF_ASYNC</option>
							<!--<option value="3">TPL_BUF_BOTH</option>-->
						</field>


					</fieldset>
					
				</field>




<!--
				<field name="buf_defer" 
					type="list" 
					default="" 
					multiple="true"
					class="btn-group" 
					label="TPL_BUF_DEFER_FILES" 
					description="TPL_BUF_DEFER_FILES_DESC">
					<option value="media/jui/js/jquery.min.js">media/jui/js/jquery.min.js</option>
					<option value="media/jui/js/jquery-noconflict.js">media/jui/js/jquery-noconflict.js</option>
					<option value="media/jui/js/jquery-migrate.min.js">media/jui/js/jquery-migrate.min.js</option>
					<option value="media/jui/js/bootstrap.min.js">media/jui/js/bootstrap.min.js</option>
					<option value="media/system/js/caption.js">media/system/js/caption.js</option>
					<option value="media/system/js/core.js">media/system/js/core.js</option>
					<option value="media/system/js/tabs-state.js">media/system/js/tabs-state.js</option>
					<option value="media/system/js/validate.js">media/system/js/validate.js</option>
					<option value="media/jui/js/chosen.jquery.min.js">media/jui/js/chosen.jquery.min.js</option>
				</field>



				<field name="buf_unset_defer_custom_js" 
					type="textarea"
					default=""
					label="TPL_BUF_CUSTOM_UNSET_DEFER_JS" 
					description="TPL_BUF_CUSTOM_UNSET_DEFER_JS_DESC"/>

				<field name="buf_remove_from_script" 
					type="textarea"
					default=""
					label="TPL_BUF_REMOVE_FROM_SCRIPT" 
					description="TPL_BUF_REMOVE_FROM_SCRIPT_DESC_double_comma_separated"/>
-->


			</fieldset>
<!--
			<fieldset name="modules">

				<field type="spacer" name="buf_cm_menu" hr="false"  class="text"
					label="TPL_BUF_CM_MENU"/>

				<field name="buf_cm_menu_collapse" 
					type="radio" 
					default="1" 
					class="btn-group" 
					label="TPL_BUF_CM_MENU_COLLAPSE" 
					description="TPL_BUF_CM_MENU_COLLAPSE_DESC">
					<option value="0">JNo</option>
					<option value="1">JYes</option>
				</field>

				<field name="buf_cm_menu_bs" 
					type="radio" 
					default="1" 
					class="btn-group" 
					label="TPL_BUF_CM_MENU_BS" 
					description="TPL_BUF_CM_MENU_BS_DESC">
					<option value="0">JNo</option>
					<option value="1">JYes</option>
				</field>

				<field name="buf_cm_menu_bs_style" 
					type="radio" 
					default="0" 
					class="btn-group" 
					label="TPL_BUF_CM_MENU_BS_STYLE" 
					description="TPL_BUF_CM_MENU_BS_STYLE_DESC">
					<option value="0">TPL_BUF_LIGHT</option>
					<option value="1">TPL_BUF_DARK</option>
				</field>


			</fieldset>
-->
			<fieldset name="advanced">

				<field name="buf_analytics" 
					type="radio" 
					default="0" 
					class="btn-group" 
					label="TPL_BUF_ANALYTICS" 
					description="TPL_BUF_ANALYTICS_DESC">
					<option value="0">JNO</option>
					<option value="1">JYES</option>
				</field>
				<field name="buf_analytics_code" 
					type="text" 
					default="UA-XXXXX-Y" 
					class="btn-group" 
					label="TPL_BUF_ANALYTICS_CODE" 
					description="TPL_BUF_ANALYTICS_CODE_DESC"/>

			</fieldset>
		</fields>
	</config>
	<!--<updateservers>
        <server type="template" priority="1" name="buf">https://users.jtotal.org/SOFT/UPDATES/TEMPLATES/BUF/buf-update.xml</server>
    </updateservers>-->
</extension>
